id,username,email,last_login
0,a,a,2025-06-18T07:02:41.341966685
1,b,b,2025-06-18T07:25:50.670825471
2,c,c,2025-06-17T04:09:55
3,test,test@gmail.com,2025-06-17T04:12:36
4,test2,a,2025-06-17T04:19:06
5,emily_jones,emily.jones@example.com,2025-06-18T07:40:00
6,john_smith,john.smith@example.com,2025-06-18T07:42:00
7,alice_wu,alice.wu@example.com,2025-06-18T07:43:30
8,david_lee,david.lee@example.com,2025-06-18T07:45:00
9,sophia_kim,sophia.kim@example.com,2025-06-18T07:46:10
10,michael_brown,michael.brown@example.com,2025-06-18T07:48:00
11,olivia_martin,olivia.martin@example.com,2025-06-18T07:49:30
12,noah_davis,noah.davis@example.com,2025-06-18T07:50:45
13,ava_rodriguez,ava.rodriguez@example.com,2025-06-18T07:52:00
14,liam_thompson,liam.thompson@example.com,2025-06-18T07:53:20
